split	fold	model	H1	H10	H50	MRR	Recall_at_1pct
Ligand-Morgan-0.5	0	B	0.10679611650485436	0.21359223300970873	0.36893203883495146	0.1546680866625021	0.3037216828478964
Ligand-Morgan-0.5	0	Dstar	0.04854368932038835	0.1650485436893204	0.32038834951456313	0.09587294639628434	0.29975728155339804
Ligand-Morgan-0.5	0	F	0.07766990291262135	0.21359223300970873	0.3592233009708738	0.1182751390224543	0.32313915857605174
Ligand-Morgan-0.5	0	T_L	0.11650485436893204	0.2524271844660194	0.39805825242718446	0.173637885122993	0.3194174757281553
Ligand-Morgan-0.5	0	T_P	0.0	0.0	0.019417475728155338	0.002236682135249267	0.012864077669902912
Ligand-Morgan-0.5	1	B	0.09009009009009009	0.1891891891891892	0.36036036036036034	0.13301797272717164	0.3312312312312312
Ligand-Morgan-0.5	1	Dstar	0.10810810810810811	0.1891891891891892	0.3063063063063063	0.13844428114834573	0.3141141141141141
Ligand-Morgan-0.5	1	F	0.09009009009009009	0.1891891891891892	0.36036036036036034	0.13163477721814712	0.35375375375375373
Ligand-Morgan-0.5	1	T_L	0.09009009009009009	0.22522522522522523	0.36036036036036034	0.14443298620753253	0.3237237237237237
Ligand-Morgan-0.5	1	T_P	0.0	0.0	0.009009009009009009	0.0012574832301285145	0.009009009009009009
Ligand-Morgan-0.5	2	B	0.13761467889908258	0.3119266055045872	0.46788990825688076	0.19954706973390032	0.44663608562691126
Ligand-Morgan-0.5	2	Dstar	0.10091743119266056	0.22018348623853212	0.3761467889908257	0.1455844377452789	0.37477064220183487
Ligand-Morgan-0.5	2	F	0.13761467889908258	0.3119266055045872	0.46788990825688076	0.19954706973390032	0.44663608562691126
Ligand-Morgan-0.5	2	T_L	0.14678899082568808	0.26605504587155965	0.3577981651376147	0.19892161232963262	0.3408256880733945
Ligand-Morgan-0.5	2	T_P	0.0	0.0	0.0	0.0010178280297482687	0.0
Ligand-Morgan-0.5	3	B	0.07894736842105263	0.18421052631578946	0.32456140350877194	0.12008873718402435	0.3055555555555556
Ligand-Morgan-0.5	3	Dstar	0.07894736842105263	0.14035087719298245	0.3157894736842105	0.1029655664129769	0.29532163742690054
Ligand-Morgan-0.5	3	F	0.09649122807017543	0.21929824561403508	0.32456140350877194	0.14068830945865288	0.3055555555555556
Ligand-Morgan-0.5	3	T_L	0.08771929824561403	0.18421052631578946	0.30701754385964913	0.13309951751820537	0.28216374269005845
Ligand-Morgan-0.5	3	T_P	0.0	0.0	0.008771929824561403	0.0014863804549327007	0.0043859649122807015
Ligand-Morgan-0.5	4	B	0.1276595744680851	0.425531914893617	0.5212765957446809	0.22340452146258635	0.4936676798378926
Ligand-Morgan-0.5	4	Dstar	0.1595744680851064	0.3191489361702128	0.48936170212765956	0.220173879148247	0.44744174265450865
Ligand-Morgan-0.5	4	F	0.11702127659574468	0.43617021276595747	0.5319148936170213	0.22550104481368138	0.4936676798378926
Ligand-Morgan-0.5	4	T_L	0.1276595744680851	0.3723404255319149	0.5319148936170213	0.216220314069346	0.5002532928064843
Ligand-Morgan-0.5	4	T_P	0.0	0.0	0.010638297872340425	0.0017139067124982543	0.026595744680851064
Random-edge	0	B	0.17721518987341772	0.4240506329113924	0.5443037974683544	0.25813167468111	0.5421940928270043
Random-edge	0	Dstar	0.16455696202531644	0.35443037974683544	0.4936708860759494	0.21824433444239205	0.4894514767932489
Random-edge	0	F	0.17088607594936708	0.4177215189873418	0.5379746835443038	0.2624783994465866	0.5421940928270043
Random-edge	0	T_L	0.17721518987341772	0.3860759493670886	0.46835443037974683	0.2508516140847257	0.46835443037974683
Random-edge	0	T_P	0.04430379746835443	0.17088607594936708	0.23417721518987342	0.08348913626263406	0.2320675105485232
Random-edge	1	B	0.2222222222222222	0.46405228758169936	0.6601307189542484	0.30724278442588054	0.6492374727668845
Random-edge	1	Dstar	0.1437908496732026	0.40522875816993464	0.5686274509803921	0.23243754691195312	0.5708061002178649
Random-edge	1	F	0.20915032679738563	0.49019607843137253	0.673202614379085	0.3148906118556761	0.6590413943355119
Random-edge	1	T_L	0.1895424836601307	0.42483660130718953	0.5098039215686274	0.26743023789105036	0.5087145969498911
Random-edge	1	T_P	0.0915032679738562	0.16993464052287582	0.24836601307189543	0.12413880137687082	0.23202614379084968
Random-edge	2	B	0.15789473684210525	0.39473684210526316	0.5526315789473685	0.23980439986116506	0.5471491228070176
Random-edge	2	Dstar	0.15789473684210525	0.375	0.5131578947368421	0.23466029217106046	0.5328947368421053
Random-edge	2	F	0.19078947368421054	0.4473684210526316	0.5723684210526315	0.27537295537116496	0.5625
Random-edge	2	T_L	0.17105263157894737	0.3684210526315789	0.506578947368421	0.241111883877833	0.4956140350877193
Random-edge	2	T_P	0.046052631578947366	0.15789473684210525	0.21052631578947367	0.08544578591378377	0.18859649122807018
Random-edge	3	B	0.2206896551724138	0.43448275862068964	0.6068965517241379	0.3064016507636075	0.6258620689655172
Random-edge	3	Dstar	0.18620689655172415	0.43448275862068964	0.5310344827586206	0.2599516176554758	0.5195402298850574
Random-edge	3	F	0.2896551724137931	0.4896551724137931	0.6206896551724138	0.3608483985773193	0.6327586206896552
Random-edge	3	T_L	0.1793103448275862	0.42758620689655175	0.503448275862069	0.26970777654122036	0.4735632183908046
Random-edge	3	T_P	0.1310344827586207	0.23448275862068965	0.2896551724137931	0.16873827032239727	0.267816091954023
Random-edge	4	B	0.1	0.36	0.5466666666666666	0.18396518969707798	0.5384444444444444
Random-edge	4	Dstar	0.16	0.36	0.5266666666666666	0.23212420439886264	0.5246666666666667
Random-edge	4	F	0.16666666666666666	0.41333333333333333	0.56	0.230327366642255	0.5517777777777778
Random-edge	4	T_L	0.14666666666666667	0.38	0.49333333333333335	0.22249933793045357	0.5033333333333333
Random-edge	4	T_P	0.08	0.2	0.24	0.12335339295525066	0.2162222222222222
TF-50	0	B	0.0	0.08823529411764706	0.17647058823529413	0.02832259848758456	0.18529411764705883
TF-50	0	Dstar	0.0	0.03529411764705882	0.11176470588235295	0.016808609161324824	0.153921568627451
TF-50	0	F	0.01764705882352941	0.08235294117647059	0.19411764705882353	0.0428896081950834	0.18529411764705883
TF-50	0	T_L	0.0	0.0	0.0	0.0005775120237399359	0.0
TF-50	0	T_P	0.0	0.06470588235294118	0.08823529411764706	0.016729845045223055	0.08235294117647059
TF-50	1	B	0.01875	0.11875	0.275	0.050591487431641914	0.27291666666666664
TF-50	1	Dstar	0.0	0.06875	0.2375	0.0239083621344693	0.2520833333333333
TF-50	1	F	0.0375	0.16875	0.28125	0.07902867079452655	0.28125
TF-50	1	T_L	0.0	0.0	0.0375	0.002455436480244831	0.034375
TF-50	1	T_P	0.00625	0.05625	0.1125	0.025994405986525033	0.10416666666666667
TF-50	2	B	0.017391304347826087	0.0782608695652174	0.30434782608695654	0.04976426208878459	0.3014492753623188
TF-50	2	Dstar	0.0	0.017391304347826087	0.17391304347826086	0.015165345226734472	0.1898550724637681
TF-50	2	F	0.02608695652173913	0.17391304347826086	0.3217391304347826	0.07570431686152444	0.31014492753623185
TF-50	2	T_L	0.0	0.0	0.0	0.00040490268656204176	0.0
TF-50	2	T_P	0.0	0.06956521739130435	0.10434782608695652	0.03002295278201409	0.0927536231884058
TF-50	3	B	0.0	0.052980132450331126	0.19205298013245034	0.01994760830856072	0.19370860927152317
TF-50	3	Dstar	0.0	0.06622516556291391	0.1456953642384106	0.028839485143526192	0.16225165562913907
TF-50	3	F	0.046357615894039736	0.11258278145695365	0.19205298013245034	0.06965048571797991	0.19370860927152317
TF-50	3	T_L	0.0	0.0	0.0	0.000567185089399445	0.0
TF-50	3	T_P	0.0	0.033112582781456956	0.09271523178807947	0.011607663661515928	0.10099337748344371
TF-50	4	B	0.045454545454545456	0.11818181818181818	0.3090909090909091	0.07723240805741388	0.32045454545454544
TF-50	4	Dstar	0.00909090909090909	0.06363636363636363	0.18181818181818182	0.030887201321909797	0.22727272727272727
TF-50	4	F	0.06363636363636363	0.13636363636363635	0.3090909090909091	0.09417742776439358	0.32954545454545453
TF-50	4	T_L	0.0	0.0	0.0	0.0006200578502933655	0.0
TF-50	4	T_P	0.03636363636363636	0.08181818181818182	0.17272727272727273	0.053055403172354736	0.15681818181818183
