edge_id	ligand_key	sequence_md5	split_unit	split_role
edge_00001	C(/C(=C/C(=O)O)/C(=O)O)C(=O)O	75fea6b22da78a37d576fa9fa4872c5b	edge_00001	train
edge_00002	C(/C(=C\C(=O)O)/C(=O)O)C(=O)O	75fea6b22da78a37d576fa9fa4872c5b	edge_00002	train
edge_00003	C(=C/C(=O)O)\C(=O)O	6fd6e7e8a06f72623e4c00b3318ab2b7	edge_00003	train
edge_00004	C(=CC(=O)O)C(=CC(=O)O)C(=O)O	274e67c5a1ff0653d52d9adb7ba107d2	edge_00004	train
edge_00006	C(=C\C(=O)[O-])\C=C(/C(=O)[O-])\Cl	06e56bbb2f80fefc53848194b5f8fbf1	edge_00006	train
edge_00007	C(=C\C(=O)[O-])\C=C(/C(=O)[O-])\Cl	64ec093ad0b276e0f410d812835ceee7	edge_00007	train
edge_00008	C(=C\C(=O)[O-])\C=C/C(=O)[O-]	06e56bbb2f80fefc53848194b5f8fbf1	edge_00008	train
edge_00009	C(=C\C(=O)[O-])\C=C/C(=O)[O-]	44a72d5b9c3b9279cd3b67c3c5596f0a	edge_00009	train
edge_00011	C(=O)(N)N	50e5a5685dac1273a7bb776d17d13a18	edge_00011	train
edge_00012	C(=O)(O)[O-].[Na+]	822ab385fea96c34acef4c74619d7227	edge_00012	train
edge_00014	C(=O)C(=O)O	1d46f1a2f2ddb83eab40ce091ccca85a	edge_00014	train
edge_00018	C(C(=O)O)C(=O)O	49211f7755ebb7ddb1ce617d4b2f5b04	edge_00018	train
edge_00019	C(C(=O)O)C(=O)O	4c6a3ba1b3cc548947cd27c0251684f9	edge_00019	train
edge_00023	C(C(=O)[O-])C(CC(=O)[O-])(C(=O)[O-])O	5eb09eea840b170bfbc5dc44102b126f	edge_00023	train
edge_00026	C(C(=O)[O-])C(CC(=O)[O-])(C(=O)[O-])O	beb402c735d6c899286f0579d7c14cba	edge_00026	train
edge_00027	C(C(=O)[O-])C(CC(=O)[O-])(C(=O)[O-])O	c1f5d8896f8df82c4ddb47d06271ebaa	edge_00027	train
edge_00028	C(C(=O)[O-])O	3393553806422365e2c79d33fa1fba35	edge_00028	train
edge_00032	C(C(C(=O)O)O)C(=O)O	9f8b59b14305e26cf7eef28b1555c1b4	edge_00032	train
edge_00033	C(C(C(=O)[O-])O)O	3393553806422365e2c79d33fa1fba35	edge_00033	train
edge_00034	C(C(C(C(=O)O)O)C(=O)O)C(=O)O	75fea6b22da78a37d576fa9fa4872c5b	edge_00034	train
edge_00035	C(C(C(C(C(=O)C(=O)O)O)O)O)O	557c6d697d503ea7d351216d2441ba93	edge_00035	train
edge_00036	C(C(C(C(C(=O)COP(=O)(O)O)O)O)O)O	b69733282dba9d9c66611dcc06e86583	edge_00036	train
edge_00040	C(C(COP(=O)(O)O)O)O	c8dcc87318ab75c2006480f939687cbe	edge_00040	train
edge_00041	C(C1=CC(=CC=C1O)O)C(=O)O	3e5c86ffe8d870543b32a787b4d833ae	edge_00041	train
edge_00043	C(C1C(C(C(C(O1)O)O)O)O)O	d3aabd2bfef2d44bcfe52a4c266a95fb	edge_00043	train
edge_00044	C(C1C(C(C(C(O1)O)O)OC2C(C(C(C(O2)CO)O)O)O)O)O	ac5bae385c75812ecedaf300052b8e88	edge_00044	train
edge_00046	C(C1C(C(C(C(O1)OC2C(OC(C(C2O)O)OC(C(CO)O)C(C(C=O)O)O)CO)O)O)O)O	56b536cd02ed8a727acb9142344361a3	edge_00046	train
edge_00047	C(C1C(C(C(C(O1)OCC2C(C(C(C(O2)O)O)O)O)O)O)O)O	228e7a41278dfe231a49f0de7c32ff11	edge_00047	train
edge_00049	C(C1C(C(C(C(O1)OCC2C(C(C(C(O2)OC3(C(C(C(O3)CO)O)O)CO)O)O)O)O)O)O)O	66f14e4b4cba98c51d1623c041e8e8fb	edge_00049	train
edge_00051	C(C1C(C(C(C(O1)OP(=O)(O)O)O)O)O)O	79ea0e19e24ee6d6775c70c7de8ff63d	edge_00051	train
edge_00053	C(CC(=O)N)[C@@H](C(=O)O)N	df609c1139f536c8b197bf2d8db4dee9	edge_00053	train
edge_00056	C(CC(=O)O)C(=O)CC(=O)O	9e8b9f8152505343a9404dfcce565d4a	edge_00056	train
edge_00057	C(CC(=O)O)C(=O)O	6fd6e7e8a06f72623e4c00b3318ab2b7	edge_00057	train
edge_00058	C(CC(=O)O)C(C(=O)O)NCC(C(C(C(CO)O)O)O)O	50ceda2a9ee123a7f6ea288fedb77348	edge_00058	train
edge_00059	C(CC(=O)O)C=O	90ab4a747ef3f993ae17656b8bedbae5	edge_00059	train
edge_00060	C(CC(=O)O)CC(=O)O	181f695be898b807f50c04356f61abaa	edge_00060	train
edge_00061	C(CC(=O)O)CC(=O)O	6fd6e7e8a06f72623e4c00b3318ab2b7	edge_00061	train
edge_00063	C(CC(=O)O)CN=C(N)N	25e1082cde61f47ebf70ca57fba417eb	edge_00063	train
edge_00067	C(CC(=O)[O-])[C@@H](C(=O)[O-])NC=O	6b4ed5ac602337882e9882a02b6c5d11	edge_00067	train
edge_00069	C(CCC(=O)O)CCC(=O)O	6fd6e7e8a06f72623e4c00b3318ab2b7	edge_00069	train
edge_00072	C(CCN)CCN	27e8f13d77a01af2c9129bf6c6703e9a	edge_00072	train
edge_00074	C(CCN)CN	27e8f13d77a01af2c9129bf6c6703e9a	edge_00074	train
edge_00075	C(CCN)CN	a42feb659a77b1874d2c6c72f1beeefc	edge_00075	train
edge_00082	C(CN)C(=O)O	80dcca4860a450607e0a945d130b4197	edge_00082	train
edge_00083	C(CO)C(=O)O	158a09672340197c4885c72b961b040c	edge_00083	train
edge_00084	C(CO)C(=O)O	ae27fe50c13c79bf336e32693d926810	edge_00084	train
edge_00085	C(CS)C(C(=O)O)N	4bcdc70a0814defd19510fab6a823843	edge_00085	train
edge_00088	C(CS)[C@@H](C(=O)O)N	4bcdc70a0814defd19510fab6a823843	edge_00088	train
edge_00090	C(C[C@@H](C(=O)O)N)CN=C(N)N	83bddd0a987410c35d7911df4a93d36f	edge_00090	train
edge_00091	C(C[C@@H](C(=O)O)N)CN=C(N)N	a88fa0c4ecd0dfb8f70237571030a56b	edge_00091	train
edge_00093	C(C[C@@H](C(=O)O)N)CN=C(N)N	c1ef8f5a845c0fb35c0194373e4721e1	edge_00093	train
edge_00094	C(C[C@@H](C(=O)O)N)CN=C(N)N	e26a1ca480701655494f807bc7f98610	edge_00094	train
edge_00098	C([C@@H]([C@@H]1C(=C(C(=O)O1)[O-])O)O)O	4f8e22a41df9a885a8f3de9ccf4c4266	edge_00098	train
edge_00099	C([C@@H]([C@H]([C@@H](C(=O)CO)O)O)O)O	46a6f352be84d25094e454349d28a3a1	edge_00099	train
edge_00100	C([C@@H]1[C@@H]([C@@H]([C@H](C(O1)O)O)O)O)O	4042f243e2a7c9208bd3e6cfe340be7b	edge_00100	train
edge_00103	C([C@@H]1[C@@H]([C@@H]([C@H](C(O1)O)O)O)O)O	7f25133130a3b82473880f24554cf451	edge_00103	train
edge_00104	C([C@@H]1[C@@H]([C@@H]([C@H](C(O1)O)O)O)O)O	875dd7414f6c9b7ce9b555da6270337d	edge_00104	train
edge_00108	C([C@@H]1[C@@H]([C@@H]([C@H]([C@H](O1)OC[C@@H]2[C@H]([C@@H]([C@H](C(O2)O)O)O)O)O)O)O)O	0544ae6ac6e7dd6ca5dc2aa8872eecc9	edge_00108	train
edge_00111	C([C@@H]1[C@H]([C@@H]([C@@H](C(O1)O)O)O)O)O	c6c1932de8b804b80c9900787260eb3d	edge_00111	train
edge_00112	C([C@@H]1[C@H]([C@@H]([C@H](C(O1)O)O)O)O)O	118c15447cdf32c3d20c7708eae08b8b	edge_00112	train
edge_00116	C([C@@H]1[C@H]([C@@H]([C@H]([C@@H](O1)O[C@@H]2[C@H](OC([C@@H]([C@H]2O)N)O)CO)N)O)O)O.Cl	96413e830f38ccd42c56330ee660fa5f	edge_00116	train
edge_00120	C([C@@H]1[C@H]([C@@H]([C@H]([C@@H](O1)O[C@@H]2[C@H](OC([C@@H]([C@H]2O)O)O)CO)O)O)O)O	efe82a7f59e28ad1298b2d21ff8e8bac	edge_00120	train
edge_00121	C([C@@H]1[C@H]([C@@H]([C@H]([C@H](O1)O[C@@H]2[C@@H]([C@H]([C@@H]([C@H](O2)CO)O)O)O)O)O)O)O	4bc4e2950a34015dc197c68f8d50b94b	edge_00121	train
edge_00122	C([C@@H]1[C@H]([C@@H]([C@H]([C@H](O1)O[C@@H]2[C@@H]([C@H]([C@@H]([C@H](O2)CO)O)O)O)O)O)O)O	76f34278447a91e2cf202481fd739790	edge_00122	train
edge_00124	C([C@@H]1[C@H]([C@@H]([C@H]([C@H](O1)O[C@@H]2[C@@H]([C@H]([C@@H]([C@H](O2)COP(=O)(O)O)O)O)O)O)O)O)O	79ea0e19e24ee6d6775c70c7de8ff63d	edge_00124	train
edge_00126	C([C@@H]1[C@H]([C@@H]([C@H]([C@H](O1)O[C@@H]2[C@H](OC([C@@H]([C@H]2O)O)O)CO)O)O)O)O	a841fcb05909a597f5af9d5016faf3d7	edge_00126	train
edge_00127	C([C@@H]1[C@H]([C@@H]([C@H]([C@H](O1)O[C@@H]2[C@H](O[C@H]([C@@H]([C@H]2O)O)O)CO)O)O)O)O	6069bcdfe2911ee08ca4b7c84b669f89	edge_00127	train
edge_00130	C([C@@H]1[C@H]([C@@H]([C@H]([C@H](O1)O[C@]2([C@H]([C@@H]([C@H](O2)CO)O)O)CO)O)O)O)O	3290228581f3ded46603a65c7dbe2a87	edge_00130	train
edge_00131	C([C@@H]1[C@H]([C@@H]([C@H]([C@H](O1)O[C@]2([C@H]([C@@H]([C@H](O2)CO)O)O)CO)O)O)O)O	e3342ddfbbf04408257fc218f12da2e4	edge_00131	train
edge_00133	C([C@@H]1[C@H]([C@@H]([C@H]([C@H](O1)O[C@]2([C@H]([C@@H]([C@H](O2)CO)O)O)CO)O)O)O)O	f2eaf8b842625d5e7da52db26065f933	edge_00133	train
edge_00135	C([C@@H]1[C@H]([C@@H]([C@H]([C@H](O1)O[C@]2([C@H]([C@@H]([C@H](O2)CO)O)O)CO[C@]3([C@H]([C@@H]([C@H](O3)CO)O)O)CO[C@]4([C@H]([C@@H]([C@H](O4)CO)O)O)CO)O)O)O)O	1dbda059dbd2b4ffe5bba3779b03412b	edge_00135	train
edge_00136	C([C@@H]1[C@H]([C@H]([C@@H](O1)O)O)O)O	d502041b935317410327e7038ea7895d	edge_00136	train
edge_00137	C([C@@H]1[C@H]([C@H]([C@@H](O1)O)O)O)O	dc1e91f836209d60e254769b84a92a0f	edge_00137	train
edge_00138	C([C@@H]1[C@H]([C@H]([C@H](O1)OP(=O)(O)OP(=O)(O)O)O)O)OP(=O)(O)O	6502f35b8906853b9179b3bfda0a2122	edge_00138	train
edge_00145	C([C@H]([C@H]([C@@H](C(=O)C(=O)O)O)O)O)O	eb59456351057b30713da8a926007643	edge_00145	train
edge_00146	C([C@H]([C@H]([C@@H](C(=O)COP(=O)(O)O)O)O)O)O	4bc792d85a4dbe1cb77d542f5592166b	edge_00146	train
edge_00148	C([C@H]([C@H]([C@@H](C=O)O)O)O)O	32e7363104afe067f8a31e761a3747a5	edge_00148	train
edge_00150	C([C@H]([C@H]([C@@H]([C@H](C(=O)O)O)O)O)O)OP(=O)(O)[O-]	3bc30c6e0efeb551e706ffa51cd07ed6	edge_00150	train
edge_00152	C([C@H]([C@H]([C@@H]([C@H](C(=O)[O-])O)O)O)O)O	3bc30c6e0efeb551e706ffa51cd07ed6	edge_00152	train
edge_00154	C([C@H]([C@H]([C@@H]([C@H](C(=O)[O-])O)O)O)O)O	d59e665a3d710b06925d6bde1c8b91d6	edge_00154	train
edge_00155	C([C@H]([C@H]([C@@H]([C@H](CO)O)O)O)O)O	8a5c7b0e96ff785f5c99e66aaa1e2b2a	edge_00155	train
edge_00156	C([C@H]([C@H]([C@@H]([C@H](CO)O)O)O)O)O	a2d189749af6d11797f208916dc8dacd	edge_00156	train
edge_00157	C([C@H]([C@H]([C@@H]([C@H](CO)O)O)O)O)O	d8d0322f11a1f10f81fdf876adf44f1d	edge_00157	train
edge_00161	C1(C(C(OC(C1O)O)C(=O)O)O)O	022fb3f73dae00ef40aaa4e42ab852b8	edge_00161	train
edge_00163	C12=C(NC(=O)N1)NC(=O)NC2=O	21e22c1a7cb93fb1e190cf078daf329d	edge_00163	train
edge_00164	C12=C(NC(=O)N1)NC(=O)NC2=O	a0cd837a84af83b3bf0aa2f4f099d57e	edge_00164	train
edge_00166	C1=C(C=C(C(=C1Cl)O)Cl)Cl	ed9cae1a10e942672ea732b0227b21f7	edge_00166	train
edge_00169	C1=C(NC=N1)C[C@@H](C(=O)O)N	2c530e8494ce33e8b8ffa87e78598fa9	edge_00169	train
edge_00170	C1=C(NC=N1)C[C@@H](C(=O)O)N	c1ef8f5a845c0fb35c0194373e4721e1	edge_00170	train
edge_00172	C1=CC(=C(C(=C1)O)C(=O)C2=CC(=C(N2)Cl)Cl)O	34ded561ec6698344bffa193f5e47deb	edge_00172	train
edge_00173	C1=CC(=C(C(=C1)O)C(=O)C2=CC(=C(N2)Cl)Cl)O	a3ebecb39311c67c977e8f29af14fd60	edge_00173	train
edge_00174	C1=CC(=C(C(=C1)O)C(=O)C2=CC(=C(N2)Cl)Cl)O	e5238492f31999a8bb36ce0a6d874016	edge_00174	train
edge_00175	C1=CC(=C(C(=C1)O)O)C=O	b2471b931a88b96814abaa16a0499b37	edge_00175	train
edge_00176	C1=CC(=C(C(=C1)[O-])C(=O)O)O	0d8c0668d82c7bc12abcaf125fb5457d	edge_00176	train
edge_00177	C1=CC(=C(C=C1/C=C/C2=CC(=CC(=C2)O)O)O)O	706ea653ec20b9b1cdd43aac78d1c31c	edge_00177	train
edge_00180	C1=CC(=C(C=C1C(=O)O)O)[O-]	7e35611ff47b4475dfeb604b526175e8	edge_00180	train
edge_00182	C1=CC(=C(C=C1C2=C(C(=O)C3=C(C=C(C=C3O2)O)O)O)O)O	3d8ba3e9d65112249c95e52019e5bc49	edge_00182	train
edge_00183	C1=CC(=C(C=C1C2=C(C(=O)C3=C(C=C(C=C3O2)O)O)O)O)O	565138dd35eebdf76237e9c0b48f4152	edge_00183	train
edge_00184	C1=CC(=C(C=C1C2=C(C(=O)C3=C(C=C(C=C3O2)O)O)O)O)O	fba2943fbe8a3bfb6e3ae4a552ca7e17	edge_00184	train
edge_00186	C1=CC(=C(C=C1C2=CC(=O)C3=C(C=C(C=C3O2)O)O)O)O	565138dd35eebdf76237e9c0b48f4152	edge_00186	train
edge_00187	C1=CC(=C(C=C1C2=CC(=O)C3=C(C=C(C=C3O2)O)O)O)O	89db38f5d27836a8aa2d7b3061fe21d3	edge_00187	train
edge_00189	C1=CC(=C(C=C1C2=CC(=O)C3=C(C=C(C=C3O2)O)O)O)O	de22dd68ad2a20975814057d3b412b56	edge_00189	train
edge_00190	C1=CC(=C(C=C1C2=CC(=O)C3=C(C=C(C=C3O2)O)O)O)O	ebdb40cd5cac5f76be85b39316c47894	edge_00190	train
edge_00193	C1=CC(=C(C=C1C2C(C(=O)C3=C(C=C(C=C3O2)O)O)O)O)O	2d23a9d0eabe55875c58261b6edad005	edge_00193	train
edge_00197	C1=CC(=C(C=C1CCN)O)O	45870494002d99357634c95d958f92e5	edge_00197	train
edge_00198	C1=CC(=C(C=C1Cl)Cl)O	ed9cae1a10e942672ea732b0227b21f7	edge_00198	train
edge_00201	C1=CC(=C(C=C1Cl)O)OC2=C(C=C(C=C2)Cl)Cl	ed9cae1a10e942672ea732b0227b21f7	edge_00201	train
edge_00206	C1=CC(=C(C=C1[N+](=O)[O-])[N+](=O)[O-])O	64bea006ef1b176c4639c5dd6c38a563	edge_00206	train
edge_00208	C1=CC(=CC(=C1)Br)C(=O)[O-]	7778980e5ac87e0bb8e6c8cfea5ef5af	edge_00208	train
edge_00209	C1=CC(=CC(=C1)Br)C(=O)[O-]	e8b9a7cf73b430bac3688dfbe705d433	edge_00209	train
edge_00212	C1=CC(=CC(=C1)Cl)C(=O)O	7778980e5ac87e0bb8e6c8cfea5ef5af	edge_00212	train
edge_00213	C1=CC(=CC(=C1)Cl)C(=O)O	997e55a3a2bd4784bea428a9023accf1	edge_00213	train
edge_00214	C1=CC(=CC(=C1)Cl)C(=O)O	e8b9a7cf73b430bac3688dfbe705d433	edge_00214	train
edge_00221	C1=CC(=CC(=C1)O)CCC(=O)[O-]	62040962c3fe17fc1c7f7539ddf2f4d3	edge_00221	train
edge_00225	C1=CC(=CC2=NC3=C(C=CC(=C3)N)C=C21)N	506feb33435607c1483aefbbb4983a16	edge_00225	train
edge_00226	C1=CC(=CC2=NC3=C(C=CC(=C3)N)C=C21)N	e86e5da6075a4bbfc5e5edec5737181f	edge_00226	train
edge_00229	C1=CC(=CC=C1C(=N)N)OCCCOC2=CC=C(C=C2)C(=N)N	506feb33435607c1483aefbbb4983a16	edge_00229	train
edge_00233	C1=CC(=CC=C1C(=O)O)O	ec3d822b62cf0c4398f20bc111373d53	edge_00233	train
edge_00234	C1=CC(=CC=C1C(=O)O)[O-]	ec3d822b62cf0c4398f20bc111373d53	edge_00234	train
edge_00238	C1=CC(=CC=C1C2=C(C(=O)C3=C(C=C(C=C3O2)O)O)O)O	65286cb7c8215f289fd210bb395278d4	edge_00238	train
edge_00240	C1=CC(=CC=C1C2=C(C(=O)C3=C(C=C(C=C3O2)O)O)O)O	ebdb40cd5cac5f76be85b39316c47894	edge_00240	train
edge_00241	C1=CC(=CC=C1C2=C(C(=O)C3=C(O2)C=C(C=C3)O)O)O	dc9475fd23b2a1a448a8559f04c02975	edge_00241	train
edge_00242	C1=CC(=CC=C1C2=C(C(=O)C3=C(O2)C=C(C=C3)O)O)O	de22dd68ad2a20975814057d3b412b56	edge_00242	train
edge_00243	C1=CC(=CC=C1C2=CC(=O)C3=C(O2)C=C(C=C3)O)O	dc9475fd23b2a1a448a8559f04c02975	edge_00243	train
edge_00246	C1=CC(=CC=C1C2=CC3=C(N2)C=C(C=C3)C(=N)N)C(=N)N	506feb33435607c1483aefbbb4983a16	edge_00246	train
edge_00249	C1=CC(=CC=C1C2=COC3=CC(=CC(=C3C2=O)O)O)O	a1500955e1f419ecc05fc0cc2ab4a5d1	edge_00249	train
edge_00250	C1=CC(=CC=C1C2=COC3=CC(=CC(=C3C2=O)O)O)O	c83457c674d27655630573801468e382	edge_00250	train
edge_00251	C1=CC(=CC=C1CC(=O)O)O	28995a05778b7991174ba659d0c59eee	edge_00251	train
edge_00252	C1=CC(=CC=C1CCC(=O)C2=C(C=C(C=C2O)O)O)O	05974c9d02bd051c5aaf05641e13261a	edge_00252	train
edge_00256	C1=CC(=CC=C1C[C@@H](C(=O)O)N)O	2d30e9c6a468d54a6af5c09e8e9ff6b1	edge_00256	train
edge_00257	C1=CC(=CC=C1N/C(=N/C(=NCCCCCCN=C(/N=C(/NC2=CC=C(C=C2)Cl)\N)N)N)/N)Cl	506feb33435607c1483aefbbb4983a16	edge_00257	train
edge_00260	C1=CC(=CC=C1[C@H]([C@@H](CO)NC(=O)C(Cl)Cl)O)[N+](=O)[O-]	565138dd35eebdf76237e9c0b48f4152	edge_00260	train
edge_00261	C1=CC(=CC=C1[C@H]([C@@H](CO)NC(=O)C(Cl)Cl)O)[N+](=O)[O-]	fb6e88c6713a37167434ab00fcd8dc48	edge_00261	train
edge_00262	C1=CC(=CN=C1)C(=O)O	b6074a83b15968e8a1ab9bac9bf608b7	edge_00262	train
edge_00267	C1=CC(=O)NC=C1C(=O)CCC(=O)[O-]	0199fedbe2fbb583eb8d0d75c1e886ef	edge_00267	train
edge_00269	C1=CC(=O)OC1CC(=O)OC(=O)O	274e67c5a1ff0653d52d9adb7ba107d2	edge_00269	train
edge_00270	C1=CC2=C(C=C1O)C(=CN2)CC(=O)O	d193f6905753f1c78f731671041151ae	edge_00270	train
edge_00271	C1=CC2=C(C=C1O)OC3=C2C(=O)OC4=C3C=CC(=C4)O	565138dd35eebdf76237e9c0b48f4152	edge_00271	train
edge_00276	C1=CC=C(C(=C1)C(=O)O)[O-]	70f81efe2e633d3049babd7e342e9b08	edge_00276	train
edge_00278	C1=CC=C(C(=C1)C(=O)O)[O-]	7d2ae900d7f26d0eb7637a8a86d42a48	edge_00278	train
edge_00279	C1=CC=C(C(=C1)C(=O)O)[O-]	cad395e3116df1c3d268532f0e9da79b	edge_00279	train
edge_00281	C1=CC=C(C(=C1)O)Cl	d71a5f0ba47b0a0edf233917ad3c036d	edge_00281	train
edge_00283	C1=CC=C(C(=C1)O)O	d193f6905753f1c78f731671041151ae	edge_00283	train
edge_00284	C1=CC=C(C(=C1)[N+](=O)[O-])O	d71a5f0ba47b0a0edf233917ad3c036d	edge_00284	train
edge_00285	C1=CC=C(C=C1)/C=C/C2=CC(=CC(=C2)O)O	706ea653ec20b9b1cdd43aac78d1c31c	edge_00285	train
edge_00286	C1=CC=C(C=C1)C(=O)O	d193f6905753f1c78f731671041151ae	edge_00286	train
edge_00290	C1=CC=C(C=C1)C(=O)[O-]	d34c92c109c7d573654f25487ec0a7a3	edge_00290	train
edge_00291	C1=CC=C(C=C1)C(=O)[O-]	e8b9a7cf73b430bac3688dfbe705d433	edge_00291	train
edge_00292	C1=CC=C(C=C1)C(O)Cl	fbd2e3540d73868a25cd309b410b2bd7	edge_00292	train
edge_00293	C1=CC=C(C=C1)C2=CC(=O)C3=C(O2)C=C(C=C3)O	2d23a9d0eabe55875c58261b6edad005	edge_00293	train
edge_00294	C1=CC=C(C=C1)C2=CC(=O)C3=C(O2)C=C(C=C3)O	de22dd68ad2a20975814057d3b412b56	edge_00294	train
edge_00302	C1=CC=C(C=C1)S(=O)(=O)[O-]	a5b252bfc3d0b31dc236b5878691cc8c	edge_00302	train
edge_00304	C1=CC=C2C(=C1)C(=CC=C2)CC3=CC(N5C(=C3C4CC4)SCC5C(O)=O)=O	47351510103424e59337fdeef71184e0	edge_00304	train
edge_00306	C1=CC=C2C(=C1)C(=CN2)CC(=O)O	7d2ae900d7f26d0eb7637a8a86d42a48	edge_00306	train
edge_00308	C1=CC=C2C(=C1)C(=CN2)CCC(=O)O	d193f6905753f1c78f731671041151ae	edge_00308	train
edge_00309	C1=CC=C2C(=C1)C(=CN2)CCCC(=O)O	d193f6905753f1c78f731671041151ae	edge_00309	train
edge_00310	C1=CC=C2C(=C1)C(=CN2)CCO	7d2ae900d7f26d0eb7637a8a86d42a48	edge_00310	train
edge_00311	C1=CC=C2C(=C1)C(=CN2)[C@@H]([C@@H](COP(=O)(O)O)O)O	2d9e9a69d9e1ee4ef456a1c101c79eb2	edge_00311	train
edge_00313	C1=CC=C2C(=C1)C=CC=C2CC(=O)O	d193f6905753f1c78f731671041151ae	edge_00313	train
edge_00314	C1=CC=C2C(=C1)C=CC=C2O	565138dd35eebdf76237e9c0b48f4152	edge_00314	train
edge_00315	C1=CC=C2C(=C1)C=CC=C2O	676eab037c878bfed933ed17ce320e00	edge_00315	train
edge_00316	C1=CC=C2C(=C1)C=CC=N2	9be4db049abb6558c9bda526a3e2444a	edge_00316	train
edge_00318	C1=CC=C2C(=C1)C=CN2	676eab037c878bfed933ed17ce320e00	edge_00318	train
edge_00319	C1=CC=C2C(=C1)N=C3C=CC=C(C3=N2)C(=O)O	35f4ffa33a2bf5a1d756db0063cc379e	edge_00319	train
edge_00320	C1=CC=C2C(=C1)N=C3C=CC=C(C3=N2)C(=O)O	395c51cb61677d4d71404cdb78580b80	edge_00320	train
edge_00321	C1=CC=NC(=C1)C2=CC=CC=N2	bc065e0b1cf7ff5683bfa06a591c9fc5	edge_00321	train
edge_00322	C1=CN(C(=O)N=C1N)[C@H]2[C@@H]([C@@H]([C@H](O2)CO)O)O	c829c282ec820dc3a5445a74e559a7d9	edge_00322	train
edge_00325	C1=CN=CC=C1C(=O)NN	ec5d32bd86ce6715d928f2a335b20c29	edge_00325	train
edge_00326	C1=CNC(=O)NC1=O	eb9b9a05110a11a2cf9ed5fbe3e01cdb	edge_00326	train
edge_00328	C1=NC(=C2C(=N1)N(C=N2)[C@H]3[C@@H]([C@@H]([C@H](O3)COP(=O)(O)OP(=O)(O)OC[C@@H]4[C@H]([C@H]([C@@H](O4)O)O)O)O)O)N	d3eca727231a6a5c1825a7737c094645	edge_00328	train
edge_00331	C1=NC(=C2C(=N1)N(C=N2)[C@H]3[C@@H]([C@@H]([C@H](O3)CSCC[C@@H](C(=O)O)N)O)O)N	06203f9343fb400ec3ae5290492b9912	edge_00331	train
edge_00334	C1=NC2=C(N1)C(=O)NC(=O)N2	5af6a3118746fa391bf78318a1462877	edge_00334	train
edge_00335	C1=NC2=C(N1)C(=O)NC=N2	8772cb040f2b5d7253f583d2f328de82	edge_00335	train
edge_00336	C1=NC2=C(N1C3C(C(C(O3)COP(=O)(O)OP(=O)(O)O)OP(=O)(O)OP(=O)(O)O)O)N=C(NC2=O)N	c1f65f3709f35c8b3405eb592fe006ea	edge_00336	train
edge_00337	C1=NC2=C(N1[C@H]3[C@@H]([C@@H]([C@H](O3)CO)O)O)NC(=O)NC2=O	a349e53e7e641c59727a480c8e6f1826	edge_00337	train
edge_00339	C1=NC2=C(N1[C@H]3[C@@H]([C@@H]([C@H](O3)COP(=O)(O)OP(=O)(O)OP(=O)(O)O)O)O)N=C(NC2=O)N	c79fef4f9009b810c0c44eb9c8d15bcd	edge_00339	train
edge_00340	C1C(C(C(C(=O)O1)O)O)O	d59e665a3d710b06925d6bde1c8b91d6	edge_00340	train
edge_00341	C1C(C(C(C(O1)O)OP(=O)(O)OC2C(OC(C2O)(CO)OC3C(C(C(C(O3)COP(=O)(O)O)O)O)O)O)O)O	ed4b57ebe9bbf30f4281dee9b3475e2b	edge_00341	train
edge_00342	C1C(O1)CBr	a049c5cbb07becd695230578af9845a9	edge_00342	train
edge_00343	C1C(OC2=C(C1=O)C=CC(=C2)O)C3=CC=C(C=C3)O	dc9475fd23b2a1a448a8559f04c02975	edge_00343	train
edge_00345	C1C(OC2=CC=CC=C2C1=O)C3=CC=CC=C3	89db38f5d27836a8aa2d7b3061fe21d3	edge_00345	train
edge_00346	C1C2C(C(C(O2)N3C=NC4=C(N=CN=C43)N)O)OP(=O)(OCC5C(C(C(O5)N6C=NC7=C(N=CN=C76)N)O)OP(=O)(O1)O)O	b400dc39150ffad0b9cf186add4c38e6	edge_00346	train
edge_00347	C1C=CN(C=C1C(=O)N)[C@H]2[C@@H]([C@@H]([C@H](O2)COP(=O)(O)OP(=O)(O)OC[C@@H]3[C@H]([C@H]([C@@H](O3)N4C=NC5=C(N=CN=C54)N)O)O)O)O	37d0b6d0de038c7a6e3d0a072e67df91	edge_00347	train
edge_00349	C1CC(=O)N(C1C(=O)O)CC(C(C(C(CO)O)O)O)O	50ceda2a9ee123a7f6ea288fedb77348	edge_00349	train
edge_00351	C1CCC(C1)CNC(=O)N2CCCC2	e937c04535573a9dbeacf5ab972b0e8d	edge_00351	train
edge_00353	C1C[C@H](NC1)C(=O)O	129b769f0dc6a67fc00668f635b6bbfd	edge_00353	train
edge_00358	C1[C@@H]([C@@H]([C@H](C(O1)O)O)O)O	83ca0f6b434d115c2d3a74bfc12a9eda	edge_00358	train
edge_00359	C1[C@@H]([C@@H]([C@H](C(O1)O)O)O)O	875dd7414f6c9b7ce9b555da6270337d	edge_00359	train
edge_00361	C1[C@@H]([C@@H]([C@H](C(O1)O)O)O)O	f07d4f3f0080778a7d41505d784155bc	edge_00361	train
edge_00362	C1[C@@H]2CN(CN2C3=C(N1)N=C(NC3=O)N)C4=CC=C(C=C4)C(=O)NC(CCC(=O)O)C(=O)O	f15febc5d993f4120a98da94a6f03671	edge_00362	train
edge_00364	C1[C@@H]2[C@H]([C@H]([C@@H](O2)N3C=NC4=C(N=CN=C43)N)O)OP(=O)(O1)O	d913cf1a8f4296daab521d724340c0d0	edge_00364	train
edge_00368	C1[C@H](OC2=CC(=CC(=C2C1=O)O)O)C3=CC(=C(C=C3)O)O	1eefa48ccd3af3b811d7897b3b377942	edge_00368	train
edge_00369	C1[C@H](OC2=CC(=CC(=C2C1=O)O)O)C3=CC(=C(C=C3)O)O	65286cb7c8215f289fd210bb395278d4	edge_00369	train
edge_00371	C1[C@H](OC2=CC(=CC(=C2C1=O)O)O)C3=CC(=C(C=C3)O)O	89db38f5d27836a8aa2d7b3061fe21d3	edge_00371	train
edge_00373	C1[C@H](OC2=CC(=CC(=C2C1=O)O)O)C3=CC(=C(C=C3)O)O	de22dd68ad2a20975814057d3b412b56	edge_00373	train
edge_00374	C1[C@H](OC2=CC(=CC(=C2C1=O)O)O)C3=CC(=C(C=C3)O)O	ebdb40cd5cac5f76be85b39316c47894	edge_00374	train
edge_00375	C1[C@H](OC2=CC(=CC(=C2C1=O)O)O)C3=CC=C(C=C3)O	05974c9d02bd051c5aaf05641e13261a	edge_00375	train
edge_00378	C1[C@H]([C@@H]([C@H](C(O1)O)O)O)O	00a82d6c6e0d7f1ab456ff684a37cabf	edge_00378	train
edge_00380	C1[C@H]([C@@H]([C@H](C(O1)O)O)O)O	35aa67a5c3b306ce1b907b6ee7301b89	edge_00380	train
edge_00382	C1[C@H]([C@@H]([C@H](C(O1)O)O)O)O	93ab9e1f3f3661afec99264baf8caf3f	edge_00382	train
edge_00383	C1[C@H]([C@@H]([C@H](C(O1)O)O)O)O	a613da2483180d0a9b367640dfebb6ca	edge_00383	train
edge_00384	C1[C@H]([C@@H]([C@H](C(O1)O)O)O)O	ac4aa0bbf3b67991f63545b0134635dd	edge_00384	train
edge_00386	C1[C@H]([C@@H]([C@H]([C@@H](O1)O[C@H](CO)[C@@H]([C@H](C=O)O)O)O)O)O	ac4aa0bbf3b67991f63545b0134635dd	edge_00386	train
edge_00389	C1[C@H]([C@H]([C@H](C(O1)(CO)O)O)O)O	471e7e12bd0d94b45bf7712702e8b708	edge_00389	train
edge_00390	C1[C@H]([C@H]([C@H](C(O1)O)O)O)O	4558794d532eb131fc4f97dd125c2fb4	edge_00390	train
edge_00391	C1[C@H]2[C@@H]([C@@H](S1)CCCCC(=O)OP(=O)([O-])OC[C@@H]3[C@H]([C@H]([C@@H](O3)N4C=NC5=C(N=CN=C54)N)O)O)NC(=O)N2	6377acf0c94f2e3fccfb248537a1ca53	edge_00391	train
edge_00394	C=O	42aa88b8937af3dbc7154b9a93528a6f	edge_00394	train
edge_00395	C=O	f19666584a8be65a74d3dd898234e769	edge_00395	train
edge_00396	CC(=C)CCOP(=O)(O)OP(=O)(O)O	421e369511aa386e5088317f1187d080	edge_00396	train
edge_00397	CC(=CCC/C(=C/CC/C(=C/CC/C(=C/COP(=O)(O)OP(=O)(O)O)/C)/C)/C)C	421e369511aa386e5088317f1187d080	edge_00397	train
edge_00398	CC(=CCC/C(=C/CO)/C)C	02953687e8d0addea914d1380911f850	edge_00398	train
edge_00400	CC(=O)C(=O)[C@H](COP(=O)(O)O)O	3c73933c9d6e747ef6c5b84b70ff8e1b	edge_00400	train
edge_00402	CC(=O)C(=O)[O-]	46a9878e5f5f0a1f25c26a908baa14ab	edge_00402	train
edge_00403	CC(=O)C1=C(C(=C(C=C1O)O)C(=O)C)O	a3ebecb39311c67c977e8f29af14fd60	edge_00403	train
edge_00404	CC(=O)C1=C(C(=C(C=C1O)O)C(=O)C)O	ffbb2d4b803cf31b024971047bb5c441	edge_00404	train
edge_00408	CC(=O)NC(CO)C(=O)O	54af86e0a3a42d86125fac694a43e9c7	edge_00408	train
edge_00409	CC(=O)NC1C(C(C(OC1O)COP(=O)(O)O)O)O	958ba29334f789f470d07397b634d739	edge_00409	train
edge_00411	CC(=O)N[C@@H](CO)C(=O)O	14303662561815729cd506cb95d39cd6	edge_00411	train
edge_00412	CC(=O)N[C@@H]1[C@H](CC(O[C@H]1[C@@H]([C@@H](CO)O)O)(C(=O)O)O)O	f045ac8532b007ba5d1d09a74fe1186e	edge_00412	train
edge_00414	CC(=O)OC[C@@H](C(=O)O)N	0e6a555c3399b9bf19c5f08dff954f20	edge_00414	train
edge_00415	CC(=O)OC[C@@H](C(=O)O)N	14303662561815729cd506cb95d39cd6	edge_00415	train
edge_00417	CC(=O)O[Hg]C1=CC=CC=C1	fb6e88c6713a37167434ab00fcd8dc48	edge_00417	train
edge_00418	CC(=O)SCCNC(=O)CCNC(=O)[C@@H](C(C)(C)COP(=O)(O)OP(=O)(O)OC[C@@H]1[C@H]([C@H]([C@@H](O1)N2C=NC3=C(N=CN=C32)N)O)OP(=O)(O)O)O	39bbdc17542b17769e1766121f5da97e	edge_00418	train
edge_00419	CC(=O)SCCNC(=O)CCNC(=O)[C@@H](C(C)(C)COP(=O)(O)OP(=O)(O)OC[C@@H]1[C@H]([C@H]([C@@H](O1)N2C=NC3=C(N=CN=C32)N)O)OP(=O)(O)O)O	efd434f12dfcb5e89f13c44d637deba2	edge_00419	train
edge_00420	CC(=O)[C@@](C)(C(=O)O)O	06ca4eea8ba87c5d3718a5b9e34adfe7	edge_00420	train
edge_00422	CC(=O)[O-]	efd434f12dfcb5e89f13c44d637deba2	edge_00422	train
edge_00423	CC(=O)c1c(O)cc(O)c(C(C)=O)c1O	0e6410067fb3d6eb5f154b348a372b15	edge_00423	train
edge_00424	CC(=O)c1c(O)cc(O)c(C(C)=O)c1O	34ded561ec6698344bffa193f5e47deb	edge_00424	train
edge_00425	CC(C(=O)C)O	06ca4eea8ba87c5d3718a5b9e34adfe7	edge_00425	train
edge_00426	CC(C(=O)C)O	8a2d88ad87755399e64f7e1afc64e4b7	edge_00426	train
edge_00427	CC(C(=O)O)C(=O)O	49211f7755ebb7ddb1ce617d4b2f5b04	edge_00427	train
edge_00428	CC(C(=O)O)C(=O)O	87627c4de0d29158e410c01923d8e394	edge_00428	train
edge_00431	CC(C(=O)[O-])O	3393553806422365e2c79d33fa1fba35	edge_00431	train
edge_00433	CC(C(C(C(=O)COP(=O)(O)O)O)O)O	1c22e9428d5342ff7ce99f6d8c9c5ee3	edge_00433	train
edge_00434	CC(C(C(C(C=O)O)O)O)O	83ca0f6b434d115c2d3a74bfc12a9eda	edge_00434	train
edge_00435	CC(C)(C1=CC=CC=C1)OO	f6ff10250ee830c35ac07507333eb4a1	edge_00435	train
edge_00439	CC(C)(COP(=O)(O)OP(=O)(O)OC[C@@H]1[C@H]([C@H]([C@@H](O1)N2C=NC3=C(N=CN=C32)N)O)OP(=O)(O)O)[C@H](C(=O)NCCC(=O)NCCSC(=O)C4=CC(=CC=C4)O)O	2acbee4a13230ef7a3a27aad51803c15	edge_00439	train
edge_00440	CC(C)(COP(=O)(O)OP(=O)(O)OC[C@@H]1[C@H]([C@H]([C@@H](O1)N2C=NC3=C(N=CN=C32)N)O)OP(=O)(O)O)[C@H](C(=O)NCCC(=O)NCCSC(=O)C4=CC=C(C=C4)Cl)O	f9b6ef990a0b83a3eeeb133d4584bd1d	edge_00440	train
edge_00442	CC(C)(COP(=O)(O)OP(=O)(O)OC[C@@H]1[C@H]([C@H]([C@@H](O1)N2C=NC3=C(N=CN=C32)N)O)OP(=O)(O)O)[C@H](C(=O)NCCC(=O)NCCSC(=O)C4CCCCC4=O)O	b146a40cae7d61009ca2a001971a3d27	edge_00442	train
edge_00443	CC(C)(COP(=O)(O)OP(=O)(O)OC[C@@H]1[C@H]([C@H]([C@@H](O1)N2C=NC3=C(N=CN=C32)N)O)OP(=O)(O)O)[C@H](C(=O)NCCC(=O)NCCSC(=O)C=CC4=CC(=C(C=C4)O)OC)O	0c66fe8d9adabf8c06717230f10be31f	edge_00443	train
edge_00444	CC(C)(COP(=O)(O)OP(=O)(O)OC[C@@H]1[C@H]([C@H]([C@@H](O1)N2C=NC3=C(N=CN=C32)N)O)OP(=O)(O)O)[C@H](C(=O)NCCC(=O)NCCSC(=O)C=CC4=CC(=C(C=C4)O)OC)O	1517250df12c2b4acb423f2d253e3c7a	edge_00444	train
edge_00445	CC(C)(COP(=O)(O)OP(=O)(O)OC[C@@H]1[C@H]([C@H]([C@@H](O1)N2C=NC3=C(N=CN=C32)N)O)OP(=O)(O)O)[C@H](C(=O)NCCC(=O)NCCSC(=O)CC(=O)O)O	7d0296898f8a50c8bda0d23590e612af	edge_00445	train
edge_00449	CC(C)(COP(=O)([O-])OP(=O)([O-])OC[C@@H]1[C@H]([C@H]([C@@H](O1)N2C=NC3=C(N=CN=C32)N)O)OP(=O)([O-])[O-])[C@H](C(=O)NCCC(=O)NCCSC(=O)C4CCCCC4=O)O	b146a40cae7d61009ca2a001971a3d27	edge_00449	train
edge_00452	CC(C)C1=CC=C(C=C1)C(=O)[O-]	fc2545aa55f7b1c37bc93547229bd58e	edge_00452	train
edge_00453	CC(C)CC(=O)SCCNC(=O)CCNC(=O)[C@@H](C(C)(C)COP(=O)(O)OP(=O)(O)OC[C@@H]1[C@H]([C@H]([C@@H](O1)N2C=NC3=C(N=CN=C32)N)O)OP(=O)(O)O)O	39798550df86894f88c47201b0b6aadf	edge_00453	train
edge_00454	CC(C)CCCCCCC1=C(C=C(OC1=O)CC(C)C)O	5f1e2669bd38244ae821c151106be011	edge_00454	train
edge_00459	CC(C)[C@@H](C(=O)O)N	27b2ccde0d42cfb4b497c3cf099b146f	edge_00459	train
edge_00461	CC(C)[C@@H](C(=O)O)N	a563d2634e9c619348675bc27ba61c61	edge_00461	train
edge_00462	CC(C)[C@@](CC(=O)O)(C(=O)O)O	95f6400c1703e1dccdccad08feeada38	edge_00462	train
edge_00463	CC(C1CCC(C(O1)OC2C(CC(C(C2O)OC3C(C(C(CO3)(C)O)NC)O)N)N)N)NC	2aefcc80b513caa03ed31538713f06a4	edge_00463	train
edge_00465	CC(CCC=C(C)C)CC(=O)O	0e45e3f49f7cac1ecab2a4f02be685af	edge_00465	train
edge_00467	CC(CO)O	05ed94e2e8e4a57a19d9afd1921edce1	edge_00467	train
edge_00469	CC1(C2CCC1(C(=O)C2)C)C	1d01f6e9e4d66cdb285cfca91639acfd	edge_00469	train
edge_00471	CC12CCC(=O)C=C1CCC3C2C(CC4(C3CCC4(C(=O)CO)O)C)O	96dfd42f15b450646d33d7e3f78edcf9	edge_00471	train
edge_00477	CC1=C(C(=CC=C1)O)C	19fc1510d7eed99f825243ece76746a7	edge_00477	train
edge_00478	CC1=C(C(=CC=C1)O)C	d71a5f0ba47b0a0edf233917ad3c036d	edge_00478	train
edge_00479	CC1=C(C(=CC=C1)O)O	b2471b931a88b96814abaa16a0499b37	edge_00479	train
edge_00482	CC1=C(C=C(C=C1)O)C	19fc1510d7eed99f825243ece76746a7	edge_00482	train
edge_00483	CC1=C(C=C(C=C1)O)C	cb3da3a785085a564f37f469702e6526	edge_00483	train
edge_00484	CC1=C(C=C(C=C1)O)C	d71a5f0ba47b0a0edf233917ad3c036d	edge_00484	train
edge_00486	CC1=C(C=CC2=C1OC(=O)C(=C2O)NC(=O)C3=CC(=C(C=C3)O)CC=C(C)C)O[C@H]4[C@@H]([C@@H]([C@H](C(O4)(C)C)OC)OC(=O)N)O	2a4404b3476d6b758615ab8b9c7cfbe0	edge_00486	train
edge_00487	CC1=C(C=CC2=C1OC(=O)C(=C2O)NC(=O)C3=CC(=C(C=C3)O)CC=C(C)C)O[C@H]4[C@@H]([C@@H]([C@H](C(O4)(C)C)OC)OC(=O)N)O	c43348e5ebfdac23b79acb2a008a473f	edge_00487	train
edge_00490	CC1=C2C(=CC3=C(C2=O)C(=CC=C3)O)CC(O1)CC(=O)O	b5744adeed2a2bf91a5ea03120e4ce28	edge_00490	train
edge_00495	CC1=CC(=C(C=C1)O)C	d71a5f0ba47b0a0edf233917ad3c036d	edge_00495	train
edge_00497	CC1=CC(=CC=C1)C(=O)SCCNC(=O)CCNC(=O)[C@@H](C(C)(C)COP(=O)([O-])OP(=O)([O-])OC[C@@H]2[C@H]([C@H]([C@@H](O2)N3C=NC4=C(N=CN=C43)N)O)OP(=O)([O-])[O-])O	e0c75ca78aca774aad95e61137e89432	edge_00497	train
edge_00498	CC1=CC(=CC=C1)C(=O)[O-]	7778980e5ac87e0bb8e6c8cfea5ef5af	edge_00498	train
edge_00500	CC1=CC(=CC=C1)C(=O)[O-]	e8b9a7cf73b430bac3688dfbe705d433	edge_00500	train
edge_00505	CC1=CC(=CC=C1)O	d71a5f0ba47b0a0edf233917ad3c036d	edge_00505	train
edge_00506	CC1=CC(=O)C2=C(C1=O)C=CC=C2O	d82c5a5f5ddc7a9f4152dbe6f3d1354b	edge_00506	train
edge_00508	CC1=CC2=C(C=C1N)[N+](=C3C=C(C(=CC3=N2)C)N)C4=CC=CC=C4.[Cl-]	8f4196da191608b11dd0dd3b2f4e22ea	edge_00508	train
edge_00509	CC1=CC2=CC(=C3C(=C2C(=C1)O)C(=O)C4=C(C3=O)C(=CC=C4)O)O	9c5fd62ba29878bbc4dbf4fdc944e4d4	edge_00509	train
edge_00510	CC1=CC2=NC3=C(C=C(C=C3)N(C)C)N=C2C=C1N.Cl	e86e5da6075a4bbfc5e5edec5737181f	edge_00510	train
edge_00512	CC1=CC=C(C=C1)O	19fc1510d7eed99f825243ece76746a7	edge_00512	train
edge_00513	CC1=CC=C(C=C1)O	d71a5f0ba47b0a0edf233917ad3c036d	edge_00513	train
edge_00516	CC1=CC=CC=C1	676eab037c878bfed933ed17ce320e00	edge_00516	train
edge_00519	CC1=CC=CC=C1O	cb3da3a785085a564f37f469702e6526	edge_00519	train
edge_00523	CC1=[N+](C2=CC=CC=C2C(=C1)N)CCCCCCCCCC[N+]3=C(C=C(C4=CC=CC=C43)N)C	33173afe48219fc9da31d27e924406ce	edge_00523	train
edge_00526	CC1CCC2=C1C=CC3=C2C=CC4=C3C=CC(=C4)OC	251d5060d829fe11af9400e3fbc9c610	edge_00526	train
edge_00527	CC=C(C)C(=O)SCCNC(=O)CCNC(=O)C(C(C)(C)COP(=O)(O)OP(=O)(O)OCC1C(C(C(O1)N2C=NC3=C(N=CN=C32)N)O)OP(=O)(O)O)O	39bbdc17542b17769e1766121f5da97e	edge_00527	train
edge_00528	CC=O	628315628998122cf7d35a6561032d10	edge_00528	train
edge_00530	CCC(=O)SCCNC(=O)CCNC(=O)[C@@H](C(C)(C)COP(=O)(O)OP(=O)(O)OC[C@@H]1[C@H]([C@H]([C@@H](O1)N2C=NC3=C(N=CN=C32)N)O)OP(=O)(O)O)O	39bbdc17542b17769e1766121f5da97e	edge_00530	train
edge_00531	CCC(=O)SCCNC(=O)CCNC(=O)[C@@H](C(C)(C)COP(=O)(O)OP(=O)(O)OC[C@@H]1[C@H]([C@H]([C@@H](O1)N2C=NC3=C(N=CN=C32)N)O)OP(=O)(O)O)O	835f21714bb531002455a326afe89c63	edge_00531	train
edge_00532	CCC(=O)SCCNC(=O)CCNC(=O)[C@@H](C(C)(C)COP(=O)(O)OP(=O)(O)OC[C@@H]1[C@H]([C@H]([C@@H](O1)N2C=NC3=C(N=CN=C32)N)O)OP(=O)(O)O)O	efd434f12dfcb5e89f13c44d637deba2	edge_00532	train
edge_00535	CCC(C)C1C(=O)NC(C(=O)NC(=C)C(=O)NC(C(=O)NC23CCC(=NC2C4=CSC(=N4)C(C(OC(=O)C5=NC6=C(C=CC(C6O)N1)C(=C5)C(C)O)C)NC(=O)C7=CSC(=N7)C(NC(=O)C8CSC(=N8)/C(=C\C)/NC(=O)C(NC(=O)C9=CSC3=N9)C(C)O)C(C)(C(C)O)O)C1=NC(=CS1)C(=O)NC(=C)C(=O)NC(=C)C(=O)N)C)C	1042fb45135c548468d283c26863636e	edge_00535	train
edge_00539	CCC1=CC(=CC=C1)O	d71a5f0ba47b0a0edf233917ad3c036d	edge_00539	train
edge_00540	CCC1=CC=C(C=C1)O	d71a5f0ba47b0a0edf233917ad3c036d	edge_00540	train
edge_00543	CCCC(=O)CC(=O)NC1CCOC1=O	05773f9158994913b1b19cee47a58ea9	edge_00543	train
edge_00545	CCCC(=O)CC(=O)NC1CCOC1=O	ed936ddffac7b5b0fc2b3cc71cb34561	edge_00545	train
edge_00546	CCCC(=O)CC(=O)N[C@H]1CCOC1=O	a0edde51da66305713e8b7e3103c58a8	edge_00546	train
edge_00548	CCCC(=O)CC(=O)N[C@H]1CCOC1=O	ffc0b33f8f2158296f7718b02422de03	edge_00548	train
edge_00549	CCCC(=O)NC1CCOC1=O	420e996a0adeb596fc5d923200c7aaaa	edge_00549	train
edge_00550	CCCC(=O)N[C@H]1CCOC1=O	420e996a0adeb596fc5d923200c7aaaa	edge_00550	train
edge_00551	CCCC(=O)OCCC1=CC=CC=C1	e937c04535573a9dbeacf5ab972b0e8d	edge_00551	train
edge_00552	CCCC(C)C1(C(=O)NC(=O)NC1=O)CC	3ad8d1ac9fa33321ec719e1144338f5c	edge_00552	train
edge_00554	CCCC1=CC=CC=C1O	b2471b931a88b96814abaa16a0499b37	edge_00554	train
edge_00556	CCCCC1=CN=C(C=C1)C(=O)O	5b13d97c4fdfb6269ae9b78be3217833	edge_00556	train
edge_00560	CCCCCC1=C(C(=CC(=C1)O)O)C(=O)O	c9c6b4714ddbf9e260eb72b453e99ce6	edge_00560	train
edge_00561	CCCCCC1=CC(=C(C(=C1C(=O)O)O)[C@@H]2C=C(CC[C@H]2C(=C)C)C)O	706ea653ec20b9b1cdd43aac78d1c31c	edge_00561	train
edge_00562	CCCCCCCC/C=C\CCCCCCCC(=O)O	926d1f4405dc0193cea5c601961b432d	edge_00562	train
edge_00565	CCCCCCCC/C=C\CCCCCCCC(=O)SCCNC(=O)CCNC(=O)[C@@H](C(C)(C)COP(=O)(O)OP(=O)(O)OC[C@@H]1[C@H]([C@H]([C@@H](O1)N2C=NC3=C(N=CN=C32)N)O)OP(=O)(O)O)O	11d03f3cb920c326a6a1589e89b80b51	edge_00565	train
edge_00567	CCCCCCCC/C=C\CCCCCCCC(=O)SCCNC(=O)CCNC(=O)[C@@H](C(C)(C)COP(=O)(O)OP(=O)(O)OC[C@@H]1[C@H]([C@H]([C@@H](O1)N2C=NC3=C(N=CN=C32)N)O)OP(=O)(O)O)O	ec60f63c47e5fd0a61903238b5e328e8	edge_00567	train
edge_00568	CCCCCCCCC=CCCCCCCCC(=O)SCCNC(=O)CCNC(=O)C(C(C)(C)COP(=O)(O)OP(=O)(O)OCC1C(C(C(O1)N2C=NC3=C(N=CN=C32)N)O)OP(=O)(O)O)O	48835af5c3e5c8f2b7aba321dfbe6aff	edge_00568	train
edge_00569	CCCCCCCCCC(=O)CC(=O)NC1CCOC1=O	997c6c9d59fff099b44ac00dcd232cd6	edge_00569	train
edge_00571	CCCCCCCCCC(=O)CC(=O)N[C@H]1CCOC1=O	997c6c9d59fff099b44ac00dcd232cd6	edge_00571	train
edge_00573	CCCCCCCCCCCC(=O)CC(=O)N[C@H]1CCOC1=O	b8f67a1cefbd62e670965230089a1624	edge_00573	train
edge_00576	CCCCCCCCCCCC1=CC=C(N1)/C=C\2/C(=CC(=N2)C3=CC=CN3)OC	9fe27b894ed2e51629813cf641347dfa	edge_00576	train
edge_00577	CCCCCCCCCCCCCC(=O)O	926d1f4405dc0193cea5c601961b432d	edge_00577	train
edge_00578	CCCCCCCCCCCCCC(=O)SCCNC(=O)CCNC(=O)C(C(C)(C)COP(=O)(O)OP(=O)(O)OC[C@@H]1[C@H]([C@H]([C@@H](O1)N2C=NC3=C(N=CN=C32)N)O)OP(=O)(O)O)O	11d03f3cb920c326a6a1589e89b80b51	edge_00578	train
edge_00579	CCCCCCCCCCCCCCC(=O)N1CCOC1=O	b8f67a1cefbd62e670965230089a1624	edge_00579	train
edge_00581	CCCCCCCCCCCCCCCC(=O)N[C@H]1CCOC1=O	b8f67a1cefbd62e670965230089a1624	edge_00581	train
edge_00586	CCCCCCCCCCCCCCCC(=O)SCCNC(=O)CCNC(=O)[C@@H](C(C)(C)COP(=O)(O)OP(=O)(O)OC[C@@H]1[C@H]([C@H]([C@@H](O1)N2C=NC3=C(N=CN=C32)N)O)OP(=O)(O)O)O	11d03f3cb920c326a6a1589e89b80b51	edge_00586	train
edge_00587	CCCCCCCCCCCCCCCC(=O)SCCNC(=O)CCNC(=O)[C@@H](C(C)(C)COP(=O)(O)OP(=O)(O)OC[C@@H]1[C@H]([C@H]([C@@H](O1)N2C=NC3=C(N=CN=C32)N)O)OP(=O)(O)O)O	4b1c49336f542caa28c1c038b9989699	edge_00587	train
edge_00589	CCCCCCCCCCCCCCCC(=O)SCCNC(=O)CCNC(=O)[C@@H](C(C)(C)COP(=O)(O)OP(=O)(O)OC[C@@H]1[C@H]([C@H]([C@@H](O1)N2C=NC3=C(N=CN=C32)N)O)OP(=O)(O)O)O	ec60f63c47e5fd0a61903238b5e328e8	edge_00589	train
edge_00591	CCCCCCCCCCCCCCCCCC(=O)OC[C@H](CO)O	e4dc2bf6148e845df2e29e9227f649be	edge_00591	train
edge_00593	CCCCCCCCCCCCCCCCCC(=O)SCCNC(=O)CCNC(=O)[C@@H](C(C)(C)COP(=O)(O)OP(=O)(O)OC[C@@H]1[C@H]([C@H]([C@@H](O1)N2C=NC3=C(N=CN=C32)N)O)OP(=O)(O)O)O	4b1c49336f542caa28c1c038b9989699	edge_00593	train
edge_00594	CCCCCCCCCCCCCCCCCCCC(=O)SCCNC(=O)CCNC(=O)[C@@H](C(C)(C)COP(=O)(O)OP(=O)(O)OC[C@@H]1[C@H]([C@H]([C@@H](O1)N2C=NC3=C(N=CN=C32)N)O)OP(=O)(O)O)O	6b8725b175b4b4e68a377000f7c5a649	edge_00594	train
edge_00596	CCCCCCCCCCCCCCCC[N+](C)(C)C	8f4196da191608b11dd0dd3b2f4e22ea	edge_00596	train
edge_00599	CCCCCCO	676eab037c878bfed933ed17ce320e00	edge_00599	train
edge_00601	CCCCOC(=O)C1=CC=C(C=C1)O	05974c9d02bd051c5aaf05641e13261a	edge_00601	train
edge_00602	CCCCOC(=O)C1=CC=C(C=C1)O	565138dd35eebdf76237e9c0b48f4152	edge_00602	train
edge_00603	CCCN\1C2=CC=CC=C2O/C1=C\C=C\C3=[N+](C4=CC=CC=C4O3)CCC.[I-]	506feb33435607c1483aefbbb4983a16	edge_00603	train
edge_00604	CCN1C(=O)C=CC1=O	4b85f20ebdbc76fe82a7617ff61733b4	edge_00604	train
edge_00607	CCNC1=CC2=C(C=C1C)C(=C3C=C(C(=[NH+]CC)C=C3O2)C)C4=CC=CC=C4C(=O)OCC	1d014875acbf6a6ca30bdc246134d9c3	edge_00607	train
edge_00610	CCNC1=CC2=C(C=C1C)C(=C3C=C(C(=[NH+]CC)C=C3O2)C)C4=CC=CC=C4C(=O)OCC.[Cl-]	33173afe48219fc9da31d27e924406ce	edge_00610	train
edge_00611	CCNC1=CC2=C(C=C1C)C(=C3C=C(C(=[NH+]CC)C=C3O2)C)C4=CC=CC=C4C(=O)OCC.[Cl-]	506feb33435607c1483aefbbb4983a16	edge_00611	train
edge_00613	CC[C@@H]1C(=O)N2CCC[C@H]2C(=O)N([C@H](C(=O)N3CCC(=O)C[C@H]3C(=O)N[C@H](C(=O)O[C@@H]([C@@H](C(=O)N1)NC(=O)C4=C(C=CC=N4)O)C)C5=CC=CC=C5)CC6=CC=CC=C6)C	90ae755a56a5d2ad2f597702562eebe0	edge_00613	train
edge_00614	CC[C@@H]1[C@@]([C@@H]([C@H](C(=O)[C@@H](C[C@@]([C@@H]([C@H]([C@@H]([C@H](C(=O)O1)C)O[C@H]2C[C@@]([C@H]([C@@H](O2)C)O)(C)OC)C)O[C@H]3[C@@H]([C@H](C[C@H](O3)C)N(C)C)O)(C)O)C)C)O)(C)O	38d9e4b6e4429043cb49e5bb5debcca6	edge_00614	train
edge_00617	CC[C@H](C)[C@H]1C(=O)O[C@@H]2N1C3=C(C4=C2C=C(C=C4O)C)C(=O)C5=C(C3=O)C(=CC=C5)O	74bb8bb9d9b2e45649417fb382053772	edge_00617	train
edge_00618	CC[C@H](C)[C@H]1C(=O)O[C@@H]2N1C3=C(C4=C2C=C(C=C4O)C)C(=O)C5=C(C3=O)C(=CC=C5)O	9c5fd62ba29878bbc4dbf4fdc944e4d4	edge_00618	train
edge_00619	CC[C@H](C)[C@H]1C(=O)O[C@@H]2N1C3=C(C4=C2C=C(C=C4O)C)C(=O)C5=C(C3=O)C(=CC=C5)O[C@H]6C[C@H]([C@H]([C@@H](O6)C)O)O	9c5fd62ba29878bbc4dbf4fdc944e4d4	edge_00619	train
edge_00620	CC[C@](C)(C(=O)CCCCC1C=CC(=O)O1)O	00aa3b70d1ba14e5539a7f104dddf959	edge_00620	train
edge_00621	CC[N+]1=C2C=C(C=CC2=C3C=CC(=CC3=C1C4=CC=CC=C4)N)N	1d014875acbf6a6ca30bdc246134d9c3	edge_00621	train
edge_00623	CC[N+]1=C2C=C(C=CC2=C3C=CC(=CC3=C1C4=CC=CC=C4)N)N	32107fa50582b7a601657b44105fe330	edge_00623	train
edge_00624	CC[N+]1=C2C=C(C=CC2=C3C=CC(=CC3=C1C4=CC=CC=C4)N)N	33173afe48219fc9da31d27e924406ce	edge_00624	train
edge_00629	CC[N+]1=C2C=C(C=CC2=C3C=CC(=CC3=C1C4=CC=CC=C4)N)N.[Br-]	33173afe48219fc9da31d27e924406ce	edge_00629	train
edge_00630	CC[N+]1=C2C=C(C=CC2=C3C=CC(=CC3=C1C4=CC=CC=C4)N)N.[Br-]	506feb33435607c1483aefbbb4983a16	edge_00630	train
edge_00632	CN	04a46556d9b4b8291ba57078efeace03	edge_00632	train
edge_00634	CN(C)C1=CC2=C(C=C1)C=C3C=CC(=CC3=N2)N(C)C	e86e5da6075a4bbfc5e5edec5737181f	edge_00634	train
edge_00635	CN(C)C1=CC2=C(C=C1)C=C3C=CC(=[N+](C)C)C=C3O2.[Cl-]	506feb33435607c1483aefbbb4983a16	edge_00635	train
edge_00639	CN(C)C1=CC=C(C=C1)C(=C2C=CC(=[N+](C)C)C=C2)C3=CC=C(C=C3)N(C)C.[Cl-]	33173afe48219fc9da31d27e924406ce	edge_00639	train
edge_00640	CN(C)C1=CC=C(C=C1)C(=C2C=CC(=[N+](C)C)C=C2)C3=CC=C(C=C3)N(C)C.[Cl-]	506feb33435607c1483aefbbb4983a16	edge_00640	train
edge_00643	CN(C)C1=CC=C(C=C1)C(=C2C=CC(=[N+](C)C)C=C2)C3=CC=C(C=C3)[N+](C)(C)C.[Cl-].[Cl-]	506feb33435607c1483aefbbb4983a16	edge_00643	train
edge_00644	CN(C)C1=CC=C(C=C1)C(=C2C=CC(=[N+](C)C)C=C2)C3=CC=CC=C3.[Cl-]	506feb33435607c1483aefbbb4983a16	edge_00644	train
edge_00646	CN(C)[C@H]1[C@@H]2C[C@H]3C(=C(O)[C@]2(O)C(=O)C(C(N)=O)=C1O)C(=O)c1c(O)ccc(Cl)c1[C@@]3(C)O	48093dd13f4e8f02aba518dd7f2420fb	edge_00646	train
edge_00647	CN1CCC[C@@H]1C2=CNC(=O)C=C2	0a168f2ff90058bcf29cb817d2adf30c	edge_00647	train
edge_00649	CN1[C@@H](CS[C@@H]1[C@H]2CSC(=N2)C3=CC=CC=C3O)C(=O)O	c28af269655c9cc260abb5c342803b73	edge_00649	train
edge_00650	CNCC(=O)O	4cc1e110c4384a7c65b8231c30f7ac4f	edge_00650	train
edge_00651	CN[C@H]1C[C@H]([C@@H]([C@H]([C@@H]1O)O[C@H]2[C@@H]3[C@H]([C@H]([C@H](O2)CO)O)OC4(O3)[C@@H]([C@H]([C@H]([C@H](O4)[C@H](CO)N)O)O)O)O)N	1042fb45135c548468d283c26863636e	edge_00651	train
edge_00652	CO	6b2598efae5f9b780097d9747737af67	edge_00652	train
edge_00656	COC1=C(C2=C[N+]3=C(C=C2C=C1)C4=CC5=C(C=C4CC3)OCO5)OC	506feb33435607c1483aefbbb4983a16	edge_00656	train
edge_00657	COC1=C(C=C(C=C1)CC2C3=CC(=C(C=C3CCN2)OC)OC)OC	c412e6cf933336b1ad044029b58ce440	edge_00657	train
edge_00660	COC1=C(C=CC(=C1)C(=O)O)[O-]	abc5f351933747be16187c4d711f6a05	edge_00660	train
edge_00662	COC1=C(C=CC(=C1)C2=CC(=O)C3=C(C=C(C=C3O2)O)O)O	dc9475fd23b2a1a448a8559f04c02975	edge_00662	train
edge_00664	COC1=C(C=CC(=C1)C=O)O	7d2ae900d7f26d0eb7637a8a86d42a48	edge_00664	train
edge_00667	COC1=CC(=CC(=C1[O-])OC)C(=O)O	abc5f351933747be16187c4d711f6a05	edge_00667	train
edge_00669	COC1C(C(C(OC1C(=O)O)OC2C(C(COC2OC3COC(C(C3O)O)OC4COC(C(C4O)O)O)O)O)O)O	ac4aa0bbf3b67991f63545b0134635dd	edge_00669	train
edge_00670	COc1cccc(C)c1C(=O)O[C@@H]1C[C@H](O[C@H]2[C@H](O)C[C@H](O[C@@H]3CCC[C@H]4[C@H]3C=C[C@@H]3CCCC/C=C/[C@H]5C=C(C(=O)O)[C@@H](C)C[C@@]56OC(=O)C(=C6O)OC(=O)[C@@]34C)O[C@@H]2C)O[C@H](C)[C@H]1O	3aca75f20be539e77372177c470e3961	edge_00670	train
edge_00674	C[C@@H](C(=O)[O-])[O-]	ea9fc0943b77b21ed777b870e6597352	edge_00674	train
edge_00675	C[C@@H](O)C(C)=O	2ff6a2d1530db2761a3c0745fb487105	edge_00675	train
edge_00678	C[C@@H]1C(=O)OC[C@@H]2[C@]13CC(C[C@H]3C=C2C(=O)O)(C)C	c1479d0338c90bd80be3b9dc83cc7f4b	edge_00678	train
edge_00682	C[C@@H]1CC[C@]2([C@@H](C[C@H]([C@H](O2)[C@H](C)C(=O)C3=CC=CN3)C)C)O[C@@H]1CC4=NC5=C(O4)C=CC(=C5C(=O)O)NC	53c420ca7bd1d18f9465981edcfd856a	edge_00682	train
edge_00685	C[C@@H]1[C@@H](C(=O)O[C@@H]([C@@H](C(=O)O[C@@H]([C@@H](C(=O)O1)NC(=O)CNC(=O)C2=C(C(=CC=C2)O)O)C)NC(=O)CNC(=O)C3=C(C(=CC=C3)O)O)C)NC(=O)CNC(=O)C4=C(C(=CC=C4)O)O	0980a94f5159c80bdaddb86b93502e30	edge_00685	train
edge_00687	C[C@@H]1[C@H]([C@@H](C[C@@H](O1)C2=C(C3=C(C=C2)C(=O)[C@]45[C@]([C@H]3O)(O4)[C@H](C[C@]6([C@@]5(C(=O)C=C(C6)C)O)O)O)O)OC(=O)/C=C/C=C/C=C/C=C/C(=O)NC7=C(C8=C(C(=C(C=C8)O)Cl)OC7=O)O)OC(=O)C	e050532fff540e98ba906caf6e5cc98f	edge_00687	train
edge_00700	C[C@H](CCC(=O)NCCS(=O)(=O)O)[C@H]1CC[C@@H]2[C@@]1([C@H](C[C@H]3[C@H]2[C@@H](C[C@H]4[C@@]3(CC[C@H](C4)O)C)O)O)C	7d2ae900d7f26d0eb7637a8a86d42a48	edge_00700	train
edge_00704	C[C@H](CCC(=O)O)[C@H]1CC[C@@H]2[C@@]1([C@H](C[C@H]3[C@H]2CC[C@H]4[C@@]3(CC[C@H](C4)O)C)O)C	6a237bfc0e1d23e9ad904ab88ad2c93f	edge_00704	train
edge_00706	C[C@H](CCC(=O)O)[C@H]1CC[C@@H]2[C@@]1([C@H](C[C@H]3[C@H]2CC[C@H]4[C@@]3(CC[C@H](C4)O)C)O)C	fb6e88c6713a37167434ab00fcd8dc48	edge_00706	train
edge_00707	C[C@H](CCC(=O)[O-])[C@H]1CC[C@@H]2[C@@]1([C@H](C[C@H]3[C@H]2[C@@H](C[C@H]4[C@@]3(CC[C@H](C4)O)C)O)O)C	9dc396d112a954ddd8e5a385a5295e46	edge_00707	train
edge_00708	C[C@H]1/C=C/C=C(\C(=O)NC2=CC(=C3C(=C2O)C(=C(C4=C3C(=O)[C@](O4)(O/C=C/[C@@H]([C@H]([C@H]([C@@H]([C@@H]([C@@H]([C@H]1O)C)O)C)OC(=O)C)C)OC)C)C)O)OCC(=O)O)/C	2d5659014371427c8babc68195ca7532	edge_00708	train
edge_00709	C[C@H]1C[C@@H]([C@@H]([C@@H]2[C@@H]1[C@]\3([C@@H](C=C2)/C(=C/C[C@@H](/C(=C/[C@@H]4C=C([C@@H](C[C@@]45C(=O)/C(=C3\O)/C(=O)O5)C)CO)/C)O[C@H]6C[C@]([C@H]([C@H](O6)C)NC(=O)OC)(C)[N+](=O)[O-])/C)C)O[C@H]7C[C@H]([C@H]([C@@H](O7)C)O)O[C@H]8CC(C([C@@H](O8)C)O[C@@H]9C[C@H]([C@H]([C@@H](O9)C)OC)O)O[C@H]1C[C@@H]([C@H]([C@@H](O1)C)O)O)C	8864f06e769e6ece9ffe61be550e01b3	edge_00709	train
edge_00711	C[C@H]1[C@@H]([C@H]([C@H](C(O1)O)O)O)O	c1371aff9f64b961d6606a7d5ee2e825	edge_00711	train
edge_00712	C[C@H]1[C@@H]2CC[C@]3([C@H]([C@]2(CC[C@H]1O)C)[C@@H](C[C@@H]\4[C@@]3(C[C@@H](/C4=C(/CCC=C(C)C)\C(=O)O)OC(=O)C)C)O)C	c43348e5ebfdac23b79acb2a008a473f	edge_00712	train
edge_00713	C[C@H]1[C@@]([C@H]([C@@H](O1)O[C@@H]2[C@H]([C@@H]([C@H]([C@@H]([C@H]2O)O)N=C(N)N)O)N=C(N)N)O[C@H]3[C@H]([C@@H]([C@H]([C@@H](O3)CO)O)O)NC)(C=O)O	2aefcc80b513caa03ed31538713f06a4	edge_00713	train
edge_00716	C[C@H]1[C@H]([C@H](C[C@@H](O1)O[C@H]2C[C@@](CC3=C2C(=C4C(=C3O)C(=O)C5=C(C4=O)C(=CC=C5)OC)O)(C(=O)C)O)N)O	77112724e1af6cd7b40cf57b3aa53751	edge_00716	train
edge_00719	C[C@H]1[C@H]([C@H]([C@@H](C(O1)O)O)O)O	4042f243e2a7c9208bd3e6cfe340be7b	edge_00719	train
edge_00720	C[C@H]1[C@H]([C@H]([C@@H](C(O1)O)O)O)O	5b68aa466b414cce60faa99284db1dea	edge_00720	train
edge_00721	C[C@H]1[C@H]2C=C([C@H]3[C@]2(C=C1C)[C@@]4(CO4)C(=O)OC3)C(=O)O	c1479d0338c90bd80be3b9dc83cc7f4b	edge_00721	train
edge_00722	C[C@]12CCC(=O)[C@H]([C@@H]1CCC2=O)CCC(=O)SCCNC(=O)CCNC(=O)[C@@H](C(C)(C)COP(=O)(O)OP(=O)(O)OC[C@@H]3[C@H]([C@H]([C@@H](O3)N4C=NC5=C(N=CN=C54)N)O)OP(=O)(O)O)O	5a7661b185de78d3e54e00d8b597baff	edge_00722	train
edge_00723	C[C@]12CC[C@H]3[C@H]([C@@H]1CCC2=O)CCC4=C3C=CC(=C4)O	0db1736ea1c8a87b60aa3c351f3a74de	edge_00723	train
edge_00726	C[C@]12CC[C@H]3[C@H]([C@@H]1CC[C@@H]2O)CCC4=CC(=O)CC[C@]34C	471c70c900552b5e9081db33b52a5ab4	edge_00726	train
edge_00728	C[N+](C)(C)CCO	2115970d6fc6e17c960a5dd6f7042705	edge_00728	train
edge_00729	C[N+](C)(C)C[C@@H](CC(=O)[O-])O	61d804f5e6839c42806f4d4e18fd3c6d	edge_00729	train
edge_00730	C[N+]1=CC2=CC(=C(C=C2C3=C1C4=CC5=C(C=C4C=C3)OCO5)OC)OC	506feb33435607c1483aefbbb4983a16	edge_00730	train
edge_00732	C[S+](CCC(C(=O)[O-])N)CC1C(C(C(O1)N2C=NC3=C(N=CN=C32)N)O)O	779729355b39f0a9064b8cd257dc0f03	edge_00732	train
edge_00737	ion:Co2+	c32541dbbb3edb7ae8661e485f2b60b2	edge_00737	train
edge_00739	ion:Co_unspecified	00c184046f2f5e22bb743559242f2727	edge_00739	train
edge_00740	ion:Co_unspecified	c492587cf73af64110aea83193d6eb10	edge_00740	train
edge_00741	ion:Co_unspecified	cd028281c0aadd4ed9f4f54612857a28	edge_00741	train
edge_00742	ion:Cr_unspecified	00c184046f2f5e22bb743559242f2727	edge_00742	train
edge_00743	ion:Cu+	b25115bb68686a75a18d18d8467ccf25	edge_00743	train
edge_00745	ion:Cu+	d5ede7fa852bcbb40f345a0f77c2fb31	edge_00745	train
edge_00746	ion:Cu2+	7a6c9a45575ac23ddaa089d43e8dda67	edge_00746	train
edge_00748	ion:Cu_unspecified	00c184046f2f5e22bb743559242f2727	edge_00748	train
edge_00749	ion:Cu_unspecified	7a6c9a45575ac23ddaa089d43e8dda67	edge_00749	train
edge_00752	ion:Fe2+	054b997aec7ec5b1f6a8133644948cd0	edge_00752	train
edge_00754	ion:Fe2+	26604a123431d44923df375904dd81c4	edge_00754	train
edge_00756	ion:Fe2+	4c307f7522e0798595dc00907efaf6b5	edge_00756	train
edge_00757	ion:Fe2+	5d99b7ed9f10a70bf1d7ff4d96f00a9c	edge_00757	train
edge_00758	ion:Fe2+	7a64a9d8d04bc5508b2c0936367a40c9	edge_00758	train
edge_00759	ion:Fe2+	9ce297ea72aa9557d4370fa5649f7ee7	edge_00759	train
edge_00760	ion:Fe2+	a61c65370dc41a639247ffbbb4cc9791	edge_00760	train
edge_00761	ion:Fe2+	c32541dbbb3edb7ae8661e485f2b60b2	edge_00761	train
edge_00762	ion:Fe2+	c72eb7d25842648573791a0979afeb47	edge_00762	train
edge_00763	ion:Fe2+	c9628b34dc883949471b57efe94bd01f	edge_00763	train
edge_00764	ion:Fe2+	dd3fa42d5879f8a1fd0ccf19e42eed43	edge_00764	train
edge_00765	ion:Fe2+	fb5cad1bdf5c957282b288c2e61ba77c	edge_00765	train
edge_00766	ion:Fe_unspecified	096938ba652e67f243b3403d11e00f02	edge_00766	train
edge_00769	ion:Fe_unspecified	417b4166a2dfb3ce7360ec9625d4060a	edge_00769	train
edge_00770	ion:Fe_unspecified	44649a2bbceaafc35cdf7a1e2cb3e63c	edge_00770	train
edge_00772	ion:Fe_unspecified	c32541dbbb3edb7ae8661e485f2b60b2	edge_00772	train
edge_00773	ion:Fe_unspecified	c72eb7d25842648573791a0979afeb47	edge_00773	train
edge_00774	ion:Fe_unspecified	c9628b34dc883949471b57efe94bd01f	edge_00774	train
edge_00778	ion:Mn2+	867c9236eedce402d1dd6f9ddc1c5730	edge_00778	train
edge_00779	ion:Mn2+	c32541dbbb3edb7ae8661e485f2b60b2	edge_00779	train
edge_00781	ion:Mn_unspecified	096938ba652e67f243b3403d11e00f02	edge_00781	train
edge_00782	ion:Mn_unspecified	4ae279357a01a64ddaee38c79158a3e5	edge_00782	train
edge_00783	ion:Mn_unspecified	4c307f7522e0798595dc00907efaf6b5	edge_00783	train
edge_00785	ion:Mn_unspecified	8ae3f6b9c6c7d98b3621857aa3247b5f	edge_00785	train
edge_00786	ion:Mn_unspecified	91e8ccc3c27b7b9d8403ea57535de8f0	edge_00786	train
edge_00790	ion:Mn_unspecified	c32541dbbb3edb7ae8661e485f2b60b2	edge_00790	train
edge_00791	NCC[C@H](N)C(O)=O	221b7f72ecf2466381555b661af6d5bd	edge_00791	train
edge_00797	ion:Ni2+	9349b0c023e13e5b28da19a2c598a33c	edge_00797	train
edge_00802	ion:Ni_unspecified	292dbe5df648b6845fe27a2975ff73eb	edge_00802	train
edge_00803	ion:Ni_unspecified	91e8ccc3c27b7b9d8403ea57535de8f0	edge_00803	train
edge_00804	ion:Ni_unspecified	c32541dbbb3edb7ae8661e485f2b60b2	edge_00804	train
edge_00805	ion:Ni_unspecified	c492587cf73af64110aea83193d6eb10	edge_00805	train
edge_00809	OC(=O)C1CCCCC1	c95d4bd7851e7ce3d5382e63702bee96	edge_00809	train
edge_00812	OC(=O)CCCC([O-])=O	445458bcb5a08c2601a2b9c2cd988989	edge_00812	train
edge_00817	OC[C@H]1O[C@H](O[C@@H]2[C@@H](CO)O[C@@H](O)[C@H](O)[C@H]2O)[C@H](O)[C@@H](O)[C@@H]1O	6069bcdfe2911ee08ca4b7c84b669f89	edge_00817	train
edge_00818	OCl	c04de4955e7cf9e7a734cd03be54a537	edge_00818	train
edge_00819	OO	01f7ef453121c0bb818ead6a5da9a2b6	edge_00819	train
edge_00822	OO	a2bf43953c23e519be78b790aba3f8e2	edge_00822	train
edge_00823	OO	f6ff10250ee830c35ac07507333eb4a1	edge_00823	train
edge_00824	OS(=O)(=S)[O-]	54af86e0a3a42d86125fac694a43e9c7	edge_00824	train
edge_00825	OS(=O)(=S)[O-]	fef30d4c9e0272bdb7e00d090bbb769b	edge_00825	train
edge_00827	O[C@H]1CO[C@H](O)[C@H](O)[C@H]1O	83ca0f6b434d115c2d3a74bfc12a9eda	edge_00827	train
edge_00830	ion:Zn2+	4d1307ac9a78a32c71b172790fb90c0c	edge_00830	train
edge_00831	ion:Zn2+	c32541dbbb3edb7ae8661e485f2b60b2	edge_00831	train
edge_00833	ion:Zn2+	e97ebe0750cea743d147d9f5f771bfc2	edge_00833	train
edge_00834	ion:Zn_unspecified	00c184046f2f5e22bb743559242f2727	edge_00834	train
edge_00836	ion:Zn_unspecified	2cf0d945d1c57b1ab5181e82da70d7c3	edge_00836	train
edge_00838	ion:Zn_unspecified	c492587cf73af64110aea83193d6eb10	edge_00838	train
edge_00839	ion:[2Fe-2S]_cluster	de6f99239b4941ac1360cd737b466eb9	edge_00839	train
edge_00842	[C@@H]([C@H](C(=O)[O-])O)(C(=O)[O-])O	ba14c0a3d8addac12b27f9080e553e97	edge_00842	train
edge_00843	[C@@H]1([C@H]([C@H](O[C@@H]([C@@H]1O)O)C(=O)[O-])O)O	022fb3f73dae00ef40aaa4e42ab852b8	edge_00843	train
edge_00844	[C@@H]1([C@H]([C@H](O[C@@H]([C@@H]1O)O)C(=O)[O-])O)O	4f8e22a41df9a885a8f3de9ccf4c4266	edge_00844	train
edge_00846	[Hg+2]	c008ccce1bd6e8a32d23880da312bfd7	edge_00846	train
edge_00848	[NH3+][C@@H](Cc1ccccc1)C([O-])=O	028fc7adc877846414472f8579bb35ab	edge_00848	train
edge_00849	[NH3+][C@@H](Cc1ccccc1)C([O-])=O	2d30e9c6a468d54a6af5c09e8e9ff6b1	edge_00849	train
edge_00850	[NH3+][C@@H](Cc1ccccc1)C([O-])=O	cd62c448cb97f62f7b99f6933d51267b	edge_00850	train
edge_00851	[N]=O	26784dc35c190b306c0852d4debc0ef8	edge_00851	train
edge_00852	[No]	c076097213bbf5867fb0875c3c879393	edge_00852	train
edge_00853	[O-]C(=O)C(=O)c1ccccc1	a80c3f43b30e48586b08ffd9e634feb6	edge_00853	train
edge_00854	[O-]C(=O)CS([O-])(=O)=O	6f5541e6bcc5ff56d30a0b31eee1ec18	edge_00854	train
edge_00856	[O-]C(=O)\C=C/C=C(/Cl)C([O-])=O	06e56bbb2f80fefc53848194b5f8fbf1	edge_00856	train
edge_00857	[O-]Cl.[Na+]	4b85f20ebdbc76fe82a7617ff61733b4	edge_00857	train
edge_00858	[O-]S(=O)(=O)[O-]	24ab95281ff7c21f52271287e6f849aa	edge_00858	train
edge_00859	[O-]S(=O)(=O)[O-]	73f2bf2e5befbed27cc49032931c27fd	edge_00859	train
edge_00860	[O-]S(=O)(=O)[O-]	a5b252bfc3d0b31dc236b5878691cc8c	edge_00860	train
edge_00861	[O-]S(=O)[O-]	24ab95281ff7c21f52271287e6f849aa	edge_00861	train
edge_00862	[O-]S(=O)[O-]	73f2bf2e5befbed27cc49032931c27fd	edge_00862	train
edge_00863	[O-][As]([O-])[O-]	5476ba71ab630fd81d8d88f6bc00a531	edge_00863	train
edge_00864	[OH-][Na+]	56c2fbf10fda0823f3235cead92071f8	edge_00864	train
edge_00866	[S-]	73f2bf2e5befbed27cc49032931c27fd	edge_00866	train
edge_00872	ion:molybdate_or_molybdenum_unspecified	0b06eab3efde23ce54d4f3d54d8c0318	edge_00872	train
edge_00873	ion:molybdate_or_molybdenum_unspecified	30e9ef219a6a0264811cda06b034d5a3	edge_00873	train
edge_00874	ion:molybdate_or_molybdenum_unspecified	c45a516da04051b288e91ded57e2fcae	edge_00874	train
